"method","漁区名","effort","catch","cpue"
"2そう曳き","岩手",352,81945,232.798295454545
"かけ廻し","岩手",837,76703,91.6403823178017
"かけ廻し","尻矢崎",1957,47161,24.0986203372509
"トロール","金華山",1147,139817,121.897994768963
"トロール","常磐",84,3783,45.0357142857143
"トロール","房総",425,15369,36.1623529411765
